{
  "img_size": 224,
  "batch_size": 16,
  "num_workers": 0,
  "seed": 42,
  "mean": [
    0.27310427517443897,
    0.27310427517443897,
    0.27310427517443897
  ],
  "std": [
    0.2402257328778638,
    0.2402257328778638,
    0.2402257328778638
  ],
  "class_weights": [
    0.9926429986953735,
    1.0074669122695923
  ],
  "n_train": 14302,
  "n_val": 3065,
  "n_test": 3065,
  "n_classes": 2,
  "class_names": {
    "0": "No Nodule",
    "1": "Nodule"
  }
}