{
  "mean": [
    0.27310427517443897,
    0.27310427517443897,
    0.27310427517443897
  ],
  "std": [
    0.2402257328778638,
    0.2402257328778638,
    0.2402257328778638
  ]
}